name,type,path
BSV,Module,BSV.md
BSV::Wallet,Module,BSV/Wallet.md
BSV::Wallet.EVENT_LOG_FORMATTER,Constant,BSV/Wallet.md#constant-EVENT_LOG_FORMATTER
BSV::Wallet.VERSION,Constant,BSV/Wallet.md#constant-VERSION
BSV::Wallet.config,Method,BSV/Wallet.md#method-c-config
BSV::Wallet.configure,Method,BSV/Wallet.md#method-c-configure
BSV::Wallet.emit,Method,BSV/Wallet.md#method-c-emit
BSV::Wallet.event_observer_count,Method,BSV/Wallet.md#method-c-event_observer_count
BSV::Wallet.format_field,Method,BSV/Wallet.md#method-c-format_field
BSV::Wallet.load_config_file!,Method,BSV/Wallet.md#method-c-load_config_file-21
BSV::Wallet.off_event,Method,BSV/Wallet.md#method-c-off_event
BSV::Wallet.on_event,Method,BSV/Wallet.md#method-c-on_event
BSV::Wallet.random_derivation,Method,BSV/Wallet.md#method-c-random_derivation
BSV::Wallet.reset_config!,Method,BSV/Wallet.md#method-c-reset_config-21
BSV::Wallet.reset_event_observers!,Method,BSV/Wallet.md#method-c-reset_event_observers-21
BSV::Wallet.event_log,Attribute,BSV/Wallet.md#attribute-c-event_log
BSV::Wallet::CLI,Module,BSV/Wallet/CLI.md
BSV::Wallet::CLI.boot,Method,BSV/Wallet/CLI.md#method-c-boot
BSV::Wallet::CLI.default_sqlite_url,Method,BSV/Wallet/CLI.md#method-c-default_sqlite_url
BSV::Wallet::CLI.extract_wallet_name,Method,BSV/Wallet/CLI.md#method-c-extract_wallet_name
BSV::Wallet::CLI.missing_wif_message,Method,BSV/Wallet/CLI.md#method-c-missing_wif_message
BSV::Wallet::CLI::Output,Module,BSV/Wallet/CLI/Output.md
BSV::Wallet::CLI::Output.write_binary,Method,BSV/Wallet/CLI/Output.md#method-c-write_binary
BSV::Wallet::CLI::Output.write_json,Method,BSV/Wallet/CLI/Output.md#method-c-write_json
BSV::Wallet::Txid,Module,BSV/Wallet/Txid.md
BSV::Wallet::BRC29,Module,BSV/Wallet/BRC29.md
BSV::Wallet::BRC29.PROTOCOL_ID,Constant,BSV/Wallet/BRC29.md#constant-PROTOCOL_ID
BSV::Wallet::BRC29.DERIVATION_TOKEN_PATTERN,Constant,BSV/Wallet/BRC29.md#constant-DERIVATION_TOKEN_PATTERN
BSV::Wallet::BRC29.DERIVATION_TOKEN_MAX_BYTES,Constant,BSV/Wallet/BRC29.md#constant-DERIVATION_TOKEN_MAX_BYTES
BSV::Wallet::BRC29.key_id,Method,BSV/Wallet/BRC29.md#method-c-key_id
BSV::Wallet::BRC29.validate_derivation_token!,Method,BSV/Wallet/BRC29.md#method-c-validate_derivation_token-21
BSV::Wallet::Fixtures,Module,BSV/Wallet/Fixtures.md
BSV::Wallet::Fixtures.DEFAULT_FILE,Constant,BSV/Wallet/Fixtures.md#constant-DEFAULT_FILE
BSV::Wallet::Fixtures.configure,Method,BSV/Wallet/Fixtures.md#method-c-configure
BSV::Wallet::Fixtures.load_config_file!,Method,BSV/Wallet/Fixtures.md#method-c-load_config_file-21
BSV::Wallet::Fixtures.registry,Method,BSV/Wallet/Fixtures.md#method-c-registry
BSV::Wallet::Fixtures.reset!,Method,BSV/Wallet/Fixtures.md#method-c-reset-21
BSV::Wallet::Fixtures.wallet,Method,BSV/Wallet/Fixtures.md#method-c-wallet
BSV::Network,Module,BSV/Network.md
BSV::Wallet::Interface,Module,BSV/Wallet/Interface.md
BSV::Wallet::Migration,Module,BSV/Wallet/Migration.md
BSV::Wallet::Migration.expected_root_script,Method,BSV/Wallet/Migration.md#method-c-expected_root_script
BSV::Wallet::Migration.identity_pubkey_hash,Attribute,BSV/Wallet/Migration.md#attribute-c-identity_pubkey_hash
BSV::Wallet::ArcStatus,Module,BSV/Wallet/ArcStatus.md
BSV::Wallet::ArcStatus.ACCEPTED,Constant,BSV/Wallet/ArcStatus.md#constant-ACCEPTED
BSV::Wallet::ArcStatus.REJECTED,Constant,BSV/Wallet/ArcStatus.md#constant-REJECTED
BSV::Wallet::ArcStatus.TERMINAL,Constant,BSV/Wallet/ArcStatus.md#constant-TERMINAL
BSV::Wallet::CLI::Secrets,Module,BSV/Wallet/CLI/Secrets.md
BSV::Wallet::CLI::Secrets.SENSITIVE_FIELD_NAMES_PATTERN,Constant,BSV/Wallet/CLI/Secrets.md#constant-SENSITIVE_FIELD_NAMES_PATTERN
BSV::Wallet::CLI::Secrets.SENSITIVE_FIELD,Constant,BSV/Wallet/CLI/Secrets.md#constant-SENSITIVE_FIELD
BSV::Wallet::CLI::Secrets.REDACTED,Constant,BSV/Wallet/CLI/Secrets.md#constant-REDACTED
BSV::Wallet::CLI::Secrets.redact,Method,BSV/Wallet/CLI/Secrets.md#method-c-redact
BSV::Wallet::CLI::Secrets.sensitive_key?,Method,BSV/Wallet/CLI/Secrets.md#method-c-sensitive_key-3F
BSV::Network::Checkpoints,Module,BSV/Network/Checkpoints.md
BSV::Network::Checkpoints.MAINNET_HEIGHT,Constant,BSV/Network/Checkpoints.md#constant-MAINNET_HEIGHT
BSV::Network::Checkpoints.MAINNET_HEADER_FIELDS,Constant,BSV/Network/Checkpoints.md#constant-MAINNET_HEADER_FIELDS
BSV::Network::Checkpoints.for,Method,BSV/Network/Checkpoints.md#method-c-for
BSV::Network::Checkpoints.mainnet_header,Method,BSV/Network/Checkpoints.md#method-c-mainnet_header
BSV::Wallet::Store::Models,Module,BSV/Wallet/Store/Models.md
BSV::Wallet::CallbackToken,Module,BSV/Wallet/CallbackToken.md
BSV::Wallet::CallbackToken.DOMAIN,Constant,BSV/Wallet/CallbackToken.md#constant-DOMAIN
BSV::Wallet::CallbackToken.derive,Method,BSV/Wallet/CallbackToken.md#method-c-derive
BSV::Wallet::CLI::Dispatcher,Module,BSV/Wallet/CLI/Dispatcher.md
BSV::Wallet::CLI::Dispatcher.COMMANDS,Constant,BSV/Wallet/CLI/Dispatcher.md#constant-COMMANDS
BSV::Wallet::CLI::Dispatcher.MESSAGE_REDACTION,Constant,BSV/Wallet/CLI/Dispatcher.md#constant-MESSAGE_REDACTION
BSV::Wallet::CLI::Dispatcher.boot_engine,Method,BSV/Wallet/CLI/Dispatcher.md#method-c-boot_engine
BSV::Wallet::CLI::Dispatcher.call,Method,BSV/Wallet/CLI/Dispatcher.md#method-c-call
BSV::Wallet::CLI::Dispatcher.check_database_url!,Method,BSV/Wallet/CLI/Dispatcher.md#method-c-check_database_url-21
BSV::Wallet::CLI::Dispatcher.env_key_allowed?,Method,BSV/Wallet/CLI/Dispatcher.md#method-c-env_key_allowed-3F
BSV::Wallet::CLI::Dispatcher.load_env_file!,Method,BSV/Wallet/CLI/Dispatcher.md#method-c-load_env_file-21
BSV::Wallet::CLI::Dispatcher.parse_global_options,Method,BSV/Wallet/CLI/Dispatcher.md#method-c-parse_global_options
BSV::Wallet::CLI::Dispatcher.print_global_help,Method,BSV/Wallet/CLI/Dispatcher.md#method-c-print_global_help
BSV::Wallet::CLI::Dispatcher.read_wif_file!,Method,BSV/Wallet/CLI/Dispatcher.md#method-c-read_wif_file-21
BSV::Wallet::CLI::Dispatcher.redact_message,Method,BSV/Wallet/CLI/Dispatcher.md#method-c-redact_message
BSV::Wallet::CLI::Dispatcher.resolve_wif_override,Method,BSV/Wallet/CLI/Dispatcher.md#method-c-resolve_wif_override
BSV::Wallet::Interface::Store,Module,BSV/Wallet/Interface/Store.md
BSV::Wallet::Interface::Store.abort_action,Method,BSV/Wallet/Interface/Store.md#method-i-abort_action
BSV::Wallet::Interface::Store.broadcast_provider_for,Method,BSV/Wallet/Interface/Store.md#method-i-broadcast_provider_for
BSV::Wallet::Interface::Store.broadcast_status,Method,BSV/Wallet/Interface/Store.md#method-i-broadcast_status
BSV::Wallet::Interface::Store.child_actions_of,Method,BSV/Wallet/Interface/Store.md#method-i-child_actions_of
BSV::Wallet::Interface::Store.complete_internal_action,Method,BSV/Wallet/Interface/Store.md#method-i-complete_internal_action
BSV::Wallet::Interface::Store.create_action,Method,BSV/Wallet/Interface/Store.md#method-i-create_action
BSV::Wallet::Interface::Store.delete_certificate,Method,BSV/Wallet/Interface/Store.md#method-i-delete_certificate
BSV::Wallet::Interface::Store.find_action,Method,BSV/Wallet/Interface/Store.md#method-i-find_action
BSV::Wallet::Interface::Store.find_block,Method,BSV/Wallet/Interface/Store.md#method-i-find_block
BSV::Wallet::Interface::Store.find_or_create_basket,Method,BSV/Wallet/Interface/Store.md#method-i-find_or_create_basket
BSV::Wallet::Interface::Store.find_or_create_labels,Method,BSV/Wallet/Interface/Store.md#method-i-find_or_create_labels
BSV::Wallet::Interface::Store.find_or_create_tags,Method,BSV/Wallet/Interface/Store.md#method-i-find_or_create_tags
BSV::Wallet::Interface::Store.find_output,Method,BSV/Wallet/Interface/Store.md#method-i-find_output
BSV::Wallet::Interface::Store.find_proof,Method,BSV/Wallet/Interface/Store.md#method-i-find_proof
BSV::Wallet::Interface::Store.find_spendable,Method,BSV/Wallet/Interface/Store.md#method-i-find_spendable
BSV::Wallet::Interface::Store.get_setting,Method,BSV/Wallet/Interface/Store.md#method-i-get_setting
BSV::Wallet::Interface::Store.header_at,Method,BSV/Wallet/Interface/Store.md#method-i-header_at
BSV::Wallet::Interface::Store.increment_broadcast_retry,Method,BSV/Wallet/Interface/Store.md#method-i-increment_broadcast_retry
BSV::Wallet::Interface::Store.label_action,Method,BSV/Wallet/Interface/Store.md#method-i-label_action
BSV::Wallet::Interface::Store.link_proof,Method,BSV/Wallet/Interface/Store.md#method-i-link_proof
BSV::Wallet::Interface::Store.load_sse_cursor,Method,BSV/Wallet/Interface/Store.md#method-i-load_sse_cursor
BSV::Wallet::Interface::Store.lock_inputs,Method,BSV/Wallet/Interface/Store.md#method-i-lock_inputs
BSV::Wallet::Interface::Store.mark_broadcast_attempted,Method,BSV/Wallet/Interface/Store.md#method-i-mark_broadcast_attempted
BSV::Wallet::Interface::Store.mark_transmission_acked,Method,BSV/Wallet/Interface/Store.md#method-i-mark_transmission_acked
BSV::Wallet::Interface::Store.max_block_height,Method,BSV/Wallet/Interface/Store.md#method-i-max_block_height
BSV::Wallet::Interface::Store.pending_proofs,Method,BSV/Wallet/Interface/Store.md#method-i-pending_proofs
BSV::Wallet::Interface::Store.pending_resolutions,Method,BSV/Wallet/Interface/Store.md#method-i-pending_resolutions
BSV::Wallet::Interface::Store.pending_submissions,Method,BSV/Wallet/Interface/Store.md#method-i-pending_submissions
BSV::Wallet::Interface::Store.promote_action,Method,BSV/Wallet/Interface/Store.md#method-i-promote_action
BSV::Wallet::Interface::Store.promote_action_outputs,Method,BSV/Wallet/Interface/Store.md#method-i-promote_action_outputs
BSV::Wallet::Interface::Store.promote_change_to_spendable,Method,BSV/Wallet/Interface/Store.md#method-i-promote_change_to_spendable
BSV::Wallet::Interface::Store.proof_exists?,Method,BSV/Wallet/Interface/Store.md#method-i-proof_exists-3F
BSV::Wallet::Interface::Store.query_actions,Method,BSV/Wallet/Interface/Store.md#method-i-query_actions
BSV::Wallet::Interface::Store.query_certificates,Method,BSV/Wallet/Interface/Store.md#method-i-query_certificates
BSV::Wallet::Interface::Store.query_change_output_vouts,Method,BSV/Wallet/Interface/Store.md#method-i-query_change_output_vouts
BSV::Wallet::Interface::Store.query_outputs,Method,BSV/Wallet/Interface/Store.md#method-i-query_outputs
BSV::Wallet::Interface::Store.reap_action,Method,BSV/Wallet/Interface/Store.md#method-i-reap_action
BSV::Wallet::Interface::Store.record_block_header,Method,BSV/Wallet/Interface/Store.md#method-i-record_block_header
BSV::Wallet::Interface::Store.record_broadcast_provider,Method,BSV/Wallet/Interface/Store.md#method-i-record_broadcast_provider
BSV::Wallet::Interface::Store.record_broadcast_result,Method,BSV/Wallet/Interface/Store.md#method-i-record_broadcast_result
BSV::Wallet::Interface::Store.record_transmission,Method,BSV/Wallet/Interface/Store.md#method-i-record_transmission
BSV::Wallet::Interface::Store.reject_action,Method,BSV/Wallet/Interface/Store.md#method-i-reject_action
BSV::Wallet::Interface::Store.relinquish_output,Method,BSV/Wallet/Interface/Store.md#method-i-relinquish_output
BSV::Wallet::Interface::Store.resolve_inputs_for_signing,Method,BSV/Wallet/Interface/Store.md#method-i-resolve_inputs_for_signing
BSV::Wallet::Interface::Store.save_certificate,Method,BSV/Wallet/Interface/Store.md#method-i-save_certificate
BSV::Wallet::Interface::Store.save_proof,Method,BSV/Wallet/Interface/Store.md#method-i-save_proof
BSV::Wallet::Interface::Store.save_sse_cursor,Method,BSV/Wallet/Interface/Store.md#method-i-save_sse_cursor
BSV::Wallet::Interface::Store.set_setting,Method,BSV/Wallet/Interface/Store.md#method-i-set_setting
BSV::Wallet::Interface::Store.sign_action,Method,BSV/Wallet/Interface/Store.md#method-i-sign_action
BSV::Wallet::Interface::Store.stage_action,Method,BSV/Wallet/Interface/Store.md#method-i-stage_action
BSV::Wallet::Interface::Store.stale_action_ids,Method,BSV/Wallet/Interface/Store.md#method-i-stale_action_ids
BSV::Wallet::Interface::Store.sweepable_state,Method,BSV/Wallet/Interface/Store.md#method-i-sweepable_state
BSV::Wallet::Interface::Store.transmission_known_wtxids,Method,BSV/Wallet/Interface/Store.md#method-i-transmission_known_wtxids
BSV::Wallet::Interface::Store.validated_tip,Method,BSV/Wallet/Interface/Store.md#method-i-validated_tip
BSV::Wallet::CLI::Commands,Module,BSV/Wallet/CLI/Commands.md
BSV::Wallet::Engine::OmqSupport,Module,BSV/Wallet/Engine/OmqSupport.md
BSV::Wallet::Interface::Hydrator,Module,BSV/Wallet/Interface/Hydrator.md
BSV::Wallet::Interface::Hydrator.build_atomic_beef,Method,BSV/Wallet/Interface/Hydrator.md#method-i-build_atomic_beef
BSV::Wallet::Interface::Hydrator.proof_arrived,Method,BSV/Wallet/Interface/Hydrator.md#method-i-proof_arrived
BSV::Wallet::Interface::Hydrator.validate_for_handoff!,Method,BSV/Wallet/Interface/Hydrator.md#method-i-validate_for_handoff-21
BSV::Wallet::Interface::Hydrator.wire_ancestor,Method,BSV/Wallet/Interface/Hydrator.md#method-i-wire_ancestor
BSV::Wallet::Engine::InputSource,Module,BSV/Wallet/Engine/InputSource.md
BSV::Wallet::Engine::InputSource.attach!,Method,BSV/Wallet/Engine/InputSource.md#method-c-attach-21
BSV::Wallet::Interface::UTXOPool,Module,BSV/Wallet/Interface/UTXOPool.md
BSV::Wallet::Interface::UTXOPool.balance,Method,BSV/Wallet/Interface/UTXOPool.md#method-i-balance
BSV::Wallet::Interface::UTXOPool.change_output_count,Method,BSV/Wallet/Interface/UTXOPool.md#method-i-change_output_count
BSV::Wallet::Interface::UTXOPool.largest,Method,BSV/Wallet/Interface/UTXOPool.md#method-i-largest
BSV::Wallet::Interface::UTXOPool.release,Method,BSV/Wallet/Interface/UTXOPool.md#method-i-release
BSV::Wallet::Interface::UTXOPool.select,Method,BSV/Wallet/Interface/UTXOPool.md#method-i-select
BSV::Wallet::Interface::UTXOPool.smallest,Method,BSV/Wallet/Interface/UTXOPool.md#method-i-smallest
BSV::Wallet::Interface::UTXOPool.spendable_count,Method,BSV/Wallet/Interface/UTXOPool.md#method-i-spendable_count
BSV::Wallet::Interface::TxBuilder,Module,BSV/Wallet/Interface/TxBuilder.md
BSV::Wallet::Interface::TxBuilder.apply_spends,Method,BSV/Wallet/Interface/TxBuilder.md#method-i-apply_spends
BSV::Wallet::Interface::TxBuilder.build,Method,BSV/Wallet/Interface/TxBuilder.md#method-i-build
BSV::Wallet::Interface::TxBuilder.build_change,Method,BSV/Wallet/Interface/TxBuilder.md#method-i-build_change
BSV::Wallet::Interface::BeefImporter,Module,BSV/Wallet/Interface/BeefImporter.md
BSV::Wallet::Interface::BeefImporter.import,Method,BSV/Wallet/Interface/BeefImporter.md#method-i-import
BSV::Wallet::Interface::FundingStrategy,Module,BSV/Wallet/Interface/FundingStrategy.md
BSV::Wallet::Interface::FundingStrategy.acquire,Method,BSV/Wallet/Interface/FundingStrategy.md#method-i-acquire
BSV::Wallet::Engine::MerklePathNormaliser,Module,BSV/Wallet/Engine/MerklePathNormaliser.md
BSV::Wallet::Engine::MerklePathNormaliser.normalize,Method,BSV/Wallet/Engine/MerklePathNormaliser.md#method-c-normalize
BSV::Wallet::Engine::MerklePathNormaliser.normalize_tsc,Method,BSV/Wallet/Engine/MerklePathNormaliser.md#method-c-normalize_tsc
BSV::Wallet::BRC29::InvalidDerivationToken,Class,BSV/Wallet/BRC29/InvalidDerivationToken.md
BSV::Wallet::Store,Class,BSV/Wallet/Store.md
BSV::Wallet::Store.BASKET_UNSPECIFIED,Constant,BSV/Wallet/Store.md#constant-BASKET_UNSPECIFIED
BSV::Wallet::Store.abort_action,Method,BSV/Wallet/Store.md#method-i-abort_action
BSV::Wallet::Store.broadcast_provider_for,Method,BSV/Wallet/Store.md#method-i-broadcast_provider_for
BSV::Wallet::Store.broadcast_status,Method,BSV/Wallet/Store.md#method-i-broadcast_status
BSV::Wallet::Store.child_actions_of,Method,BSV/Wallet/Store.md#method-i-child_actions_of
BSV::Wallet::Store.clear_broadcast_attempted,Method,BSV/Wallet/Store.md#method-i-clear_broadcast_attempted
BSV::Wallet::Store.complete_internal_action,Method,BSV/Wallet/Store.md#method-i-complete_internal_action
BSV::Wallet::Store.configure_db,Method,BSV/Wallet/Store.md#method-i-configure_db
BSV::Wallet::Store.create_action,Method,BSV/Wallet/Store.md#method-i-create_action
BSV::Wallet::Store.delete_certificate,Method,BSV/Wallet/Store.md#method-i-delete_certificate
BSV::Wallet::Store.disconnect,Method,BSV/Wallet/Store.md#method-i-disconnect
BSV::Wallet::Store.find_action,Method,BSV/Wallet/Store.md#method-i-find_action
BSV::Wallet::Store.find_block,Method,BSV/Wallet/Store.md#method-i-find_block
BSV::Wallet::Store.find_or_create_basket,Method,BSV/Wallet/Store.md#method-i-find_or_create_basket
BSV::Wallet::Store.find_or_create_labels,Method,BSV/Wallet/Store.md#method-i-find_or_create_labels
BSV::Wallet::Store.find_or_create_tags,Method,BSV/Wallet/Store.md#method-i-find_or_create_tags
BSV::Wallet::Store.find_output,Method,BSV/Wallet/Store.md#method-i-find_output
BSV::Wallet::Store.find_proof,Method,BSV/Wallet/Store.md#method-i-find_proof
BSV::Wallet::Store.find_spendable,Method,BSV/Wallet/Store.md#method-i-find_spendable
BSV::Wallet::Store.get_setting,Method,BSV/Wallet/Store.md#method-i-get_setting
BSV::Wallet::Store.header_at,Method,BSV/Wallet/Store.md#method-i-header_at
BSV::Wallet::Store.increment_broadcast_retry,Method,BSV/Wallet/Store.md#method-i-increment_broadcast_retry
BSV::Wallet::Store.initialize,Method,BSV/Wallet/Store.md#method-i-initialize
BSV::Wallet::Store.label_action,Method,BSV/Wallet/Store.md#method-i-label_action
BSV::Wallet::Store.link_proof,Method,BSV/Wallet/Store.md#method-i-link_proof
BSV::Wallet::Store.load_sse_cursor,Method,BSV/Wallet/Store.md#method-i-load_sse_cursor
BSV::Wallet::Store.lock_inputs,Method,BSV/Wallet/Store.md#method-i-lock_inputs
BSV::Wallet::Store.mark_broadcast_attempted,Method,BSV/Wallet/Store.md#method-i-mark_broadcast_attempted
BSV::Wallet::Store.mark_transmission_acked,Method,BSV/Wallet/Store.md#method-i-mark_transmission_acked
BSV::Wallet::Store.max_block_height,Method,BSV/Wallet/Store.md#method-i-max_block_height
BSV::Wallet::Store.migrate!,Method,BSV/Wallet/Store.md#method-i-migrate-21
BSV::Wallet::Store.pending_proofs,Method,BSV/Wallet/Store.md#method-i-pending_proofs
BSV::Wallet::Store.pending_resolutions,Method,BSV/Wallet/Store.md#method-i-pending_resolutions
BSV::Wallet::Store.pending_submissions,Method,BSV/Wallet/Store.md#method-i-pending_submissions
BSV::Wallet::Store.promote_action,Method,BSV/Wallet/Store.md#method-i-promote_action
BSV::Wallet::Store.promote_action_outputs,Method,BSV/Wallet/Store.md#method-i-promote_action_outputs
BSV::Wallet::Store.promote_change_to_spendable,Method,BSV/Wallet/Store.md#method-i-promote_change_to_spendable
BSV::Wallet::Store.proof_exists?,Method,BSV/Wallet/Store.md#method-i-proof_exists-3F
BSV::Wallet::Store.query_actions,Method,BSV/Wallet/Store.md#method-i-query_actions
BSV::Wallet::Store.query_certificates,Method,BSV/Wallet/Store.md#method-i-query_certificates
BSV::Wallet::Store.query_change_output_vouts,Method,BSV/Wallet/Store.md#method-i-query_change_output_vouts
BSV::Wallet::Store.query_outputs,Method,BSV/Wallet/Store.md#method-i-query_outputs
BSV::Wallet::Store.reap_action,Method,BSV/Wallet/Store.md#method-i-reap_action
BSV::Wallet::Store.record_block_header,Method,BSV/Wallet/Store.md#method-i-record_block_header
BSV::Wallet::Store.record_broadcast_provider,Method,BSV/Wallet/Store.md#method-i-record_broadcast_provider
BSV::Wallet::Store.record_broadcast_result,Method,BSV/Wallet/Store.md#method-i-record_broadcast_result
BSV::Wallet::Store.record_transmission,Method,BSV/Wallet/Store.md#method-i-record_transmission
BSV::Wallet::Store.reject_action,Method,BSV/Wallet/Store.md#method-i-reject_action
BSV::Wallet::Store.relinquish_output,Method,BSV/Wallet/Store.md#method-i-relinquish_output
BSV::Wallet::Store.resolve_inputs_for_signing,Method,BSV/Wallet/Store.md#method-i-resolve_inputs_for_signing
BSV::Wallet::Store.save_certificate,Method,BSV/Wallet/Store.md#method-i-save_certificate
BSV::Wallet::Store.save_proof,Method,BSV/Wallet/Store.md#method-i-save_proof
BSV::Wallet::Store.save_sse_cursor,Method,BSV/Wallet/Store.md#method-i-save_sse_cursor
BSV::Wallet::Store.set_setting,Method,BSV/Wallet/Store.md#method-i-set_setting
BSV::Wallet::Store.sign_action,Method,BSV/Wallet/Store.md#method-i-sign_action
BSV::Wallet::Store.stage_action,Method,BSV/Wallet/Store.md#method-i-stage_action
BSV::Wallet::Store.stale_action_ids,Method,BSV/Wallet/Store.md#method-i-stale_action_ids
BSV::Wallet::Store.sweepable_state,Method,BSV/Wallet/Store.md#method-i-sweepable_state
BSV::Wallet::Store.transmission_known_wtxids,Method,BSV/Wallet/Store.md#method-i-transmission_known_wtxids
BSV::Wallet::Store.validated_tip,Method,BSV/Wallet/Store.md#method-i-validated_tip
BSV::Wallet::Store.verify_schema!,Method,BSV/Wallet/Store.md#method-i-verify_schema-21
BSV::Wallet::Store.connect,Method,BSV/Wallet/Store.md#method-c-connect
BSV::Wallet::Store.db,Attribute,BSV/Wallet/Store.md#attribute-i-db
BSV::Wallet::Store.identity_pubkey_hash,Attribute,BSV/Wallet/Store.md#attribute-i-identity_pubkey_hash
BSV::Wallet::BRC100,Class,BSV/Wallet/BRC100.md
BSV::Wallet::BRC100.BASKET_NAME_MIN,Constant,BSV/Wallet/BRC100.md#constant-BASKET_NAME_MIN
BSV::Wallet::BRC100.BASKET_NAME_MAX,Constant,BSV/Wallet/BRC100.md#constant-BASKET_NAME_MAX
BSV::Wallet::BRC100.BASKET_NAME_CHARSET_RE,Constant,BSV/Wallet/BRC100.md#constant-BASKET_NAME_CHARSET_RE
BSV::Wallet::BRC100.abort_action,Method,BSV/Wallet/BRC100.md#method-i-abort_action
BSV::Wallet::BRC100.acquire_certificate,Method,BSV/Wallet/BRC100.md#method-i-acquire_certificate
BSV::Wallet::BRC100.authenticated?,Method,BSV/Wallet/BRC100.md#method-i-authenticated-3F
BSV::Wallet::BRC100.create_action,Method,BSV/Wallet/BRC100.md#method-i-create_action
BSV::Wallet::BRC100.create_hmac,Method,BSV/Wallet/BRC100.md#method-i-create_hmac
BSV::Wallet::BRC100.create_signature,Method,BSV/Wallet/BRC100.md#method-i-create_signature
BSV::Wallet::BRC100.decrypt,Method,BSV/Wallet/BRC100.md#method-i-decrypt
BSV::Wallet::BRC100.discover_by_attributes,Method,BSV/Wallet/BRC100.md#method-i-discover_by_attributes
BSV::Wallet::BRC100.discover_by_identity_key,Method,BSV/Wallet/BRC100.md#method-i-discover_by_identity_key
BSV::Wallet::BRC100.encrypt,Method,BSV/Wallet/BRC100.md#method-i-encrypt
BSV::Wallet::BRC100.get_header_for_height,Method,BSV/Wallet/BRC100.md#method-i-get_header_for_height
BSV::Wallet::BRC100.get_height,Method,BSV/Wallet/BRC100.md#method-i-get_height
BSV::Wallet::BRC100.get_network,Method,BSV/Wallet/BRC100.md#method-i-get_network
BSV::Wallet::BRC100.get_public_key,Method,BSV/Wallet/BRC100.md#method-i-get_public_key
BSV::Wallet::BRC100.get_version,Method,BSV/Wallet/BRC100.md#method-i-get_version
BSV::Wallet::BRC100.initialize,Method,BSV/Wallet/BRC100.md#method-i-initialize
BSV::Wallet::BRC100.internalize_action,Method,BSV/Wallet/BRC100.md#method-i-internalize_action
BSV::Wallet::BRC100.list_actions,Method,BSV/Wallet/BRC100.md#method-i-list_actions
BSV::Wallet::BRC100.list_certificates,Method,BSV/Wallet/BRC100.md#method-i-list_certificates
BSV::Wallet::BRC100.list_outputs,Method,BSV/Wallet/BRC100.md#method-i-list_outputs
BSV::Wallet::BRC100.prove_certificate,Method,BSV/Wallet/BRC100.md#method-i-prove_certificate
BSV::Wallet::BRC100.relinquish_certificate,Method,BSV/Wallet/BRC100.md#method-i-relinquish_certificate
BSV::Wallet::BRC100.relinquish_output,Method,BSV/Wallet/BRC100.md#method-i-relinquish_output
BSV::Wallet::BRC100.reveal_counterparty_key_linkage,Method,BSV/Wallet/BRC100.md#method-i-reveal_counterparty_key_linkage
BSV::Wallet::BRC100.reveal_specific_key_linkage,Method,BSV/Wallet/BRC100.md#method-i-reveal_specific_key_linkage
BSV::Wallet::BRC100.sign_action,Method,BSV/Wallet/BRC100.md#method-i-sign_action
BSV::Wallet::BRC100.verify_hmac,Method,BSV/Wallet/BRC100.md#method-i-verify_hmac
BSV::Wallet::BRC100.verify_signature,Method,BSV/Wallet/BRC100.md#method-i-verify_signature
BSV::Wallet::BRC100.wait_for_authentication,Method,BSV/Wallet/BRC100.md#method-i-wait_for_authentication
BSV::Wallet::BRC100.engine,Attribute,BSV/Wallet/BRC100.md#attribute-i-engine
BSV::Wallet::Config,Class,BSV/Wallet/Config.md
BSV::Wallet::Config.initialize,Method,BSV/Wallet/Config.md#method-i-initialize
BSV::Wallet::Config.parse_network,Method,BSV/Wallet/Config.md#method-c-parse_network
BSV::Wallet::Config.parse_trust_model,Method,BSV/Wallet/Config.md#method-c-parse_trust_model
BSV::Wallet::Config.daemon_pool_size,Attribute,BSV/Wallet/Config.md#attribute-i-daemon_pool_size
BSV::Wallet::Config.database_url,Attribute,BSV/Wallet/Config.md#attribute-i-database_url
BSV::Wallet::Config.fee_model,Attribute,BSV/Wallet/Config.md#attribute-i-fee_model
BSV::Wallet::Config.hints_socket,Attribute,BSV/Wallet/Config.md#attribute-i-hints_socket
BSV::Wallet::Config.limp_threshold,Attribute,BSV/Wallet/Config.md#attribute-i-limp_threshold
BSV::Wallet::Config.network,Attribute,BSV/Wallet/Config.md#attribute-i-network
BSV::Wallet::Config.reap_threshold,Attribute,BSV/Wallet/Config.md#attribute-i-reap_threshold
BSV::Wallet::Config.spv_checkpoint,Attribute,BSV/Wallet/Config.md#attribute-i-spv_checkpoint
BSV::Wallet::Config.trust_model,Attribute,BSV/Wallet/Config.md#attribute-i-trust_model
BSV::Wallet::Config.tx_cache_size,Attribute,BSV/Wallet/Config.md#attribute-i-tx_cache_size
BSV::Wallet::Config.wif,Attribute,BSV/Wallet/Config.md#attribute-i-wif
BSV::Wallet::Daemon,Class,BSV/Wallet/Daemon.md
BSV::Wallet::Daemon.DEFAULT_SHUTDOWN_TIMEOUT_S,Constant,BSV/Wallet/Daemon.md#constant-DEFAULT_SHUTDOWN_TIMEOUT_S
BSV::Wallet::Daemon.SHUTDOWN_POLL_INTERVAL_S,Constant,BSV/Wallet/Daemon.md#constant-SHUTDOWN_POLL_INTERVAL_S
BSV::Wallet::Daemon.initialize,Method,BSV/Wallet/Daemon.md#method-i-initialize
BSV::Wallet::Daemon.run!,Method,BSV/Wallet/Daemon.md#method-i-run-21
BSV::Wallet::Daemon.stop!,Method,BSV/Wallet/Daemon.md#method-i-stop-21
BSV::Wallet::Daemon.scheduler,Attribute,BSV/Wallet/Daemon.md#attribute-i-scheduler
BSV::Wallet::Daemon.watcher_thread,Attribute,BSV/Wallet/Daemon.md#attribute-i-watcher_thread
BSV::Wallet::Engine,Class,BSV/Wallet/Engine.md
BSV::Wallet::Engine.UUID_RE,Constant,BSV/Wallet/Engine.md#constant-UUID_RE
BSV::Wallet::Engine.LIMP_THRESHOLD,Constant,BSV/Wallet/Engine.md#constant-LIMP_THRESHOLD
BSV::Wallet::Engine.LIMP_THRESHOLD_MIN,Constant,BSV/Wallet/Engine.md#constant-LIMP_THRESHOLD_MIN
BSV::Wallet::Engine.RETRYABLE_IMPORT_ATTEMPTS,Constant,BSV/Wallet/Engine.md#constant-RETRYABLE_IMPORT_ATTEMPTS
BSV::Wallet::Engine.RETRYABLE_IMPORT_BACKOFF_BASE_S,Constant,BSV/Wallet/Engine.md#constant-RETRYABLE_IMPORT_BACKOFF_BASE_S
BSV::Wallet::Engine.BASKET_UNSPECIFIED,Constant,BSV/Wallet/Engine.md#constant-BASKET_UNSPECIFIED
BSV::Wallet::Engine.abort_action,Method,BSV/Wallet/Engine.md#method-i-abort_action
BSV::Wallet::Engine.acquire_certificate,Method,BSV/Wallet/Engine.md#method-i-acquire_certificate
BSV::Wallet::Engine.authenticated?,Method,BSV/Wallet/Engine.md#method-i-authenticated-3F
BSV::Wallet::Engine.brc100,Method,BSV/Wallet/Engine.md#method-i-brc100
BSV::Wallet::Engine.build_action,Method,BSV/Wallet/Engine.md#method-i-build_action
BSV::Wallet::Engine.consolidate_step,Method,BSV/Wallet/Engine.md#method-i-consolidate_step
BSV::Wallet::Engine.create_hmac,Method,BSV/Wallet/Engine.md#method-i-create_hmac
BSV::Wallet::Engine.create_signature,Method,BSV/Wallet/Engine.md#method-i-create_signature
BSV::Wallet::Engine.decrypt,Method,BSV/Wallet/Engine.md#method-i-decrypt
BSV::Wallet::Engine.discover_by_attributes,Method,BSV/Wallet/Engine.md#method-i-discover_by_attributes
BSV::Wallet::Engine.discover_by_identity_key,Method,BSV/Wallet/Engine.md#method-i-discover_by_identity_key
BSV::Wallet::Engine.encrypt,Method,BSV/Wallet/Engine.md#method-i-encrypt
BSV::Wallet::Engine.estimate_sweep_fee,Method,BSV/Wallet/Engine.md#method-i-estimate_sweep_fee
BSV::Wallet::Engine.generate_receive_address,Method,BSV/Wallet/Engine.md#method-i-generate_receive_address
BSV::Wallet::Engine.get_header_for_height,Method,BSV/Wallet/Engine.md#method-i-get_header_for_height
BSV::Wallet::Engine.get_height,Method,BSV/Wallet/Engine.md#method-i-get_height
BSV::Wallet::Engine.get_network,Method,BSV/Wallet/Engine.md#method-i-get_network
BSV::Wallet::Engine.get_public_key,Method,BSV/Wallet/Engine.md#method-i-get_public_key
BSV::Wallet::Engine.get_version,Method,BSV/Wallet/Engine.md#method-i-get_version
BSV::Wallet::Engine.headroom,Method,BSV/Wallet/Engine.md#method-i-headroom
BSV::Wallet::Engine.import_beef,Method,BSV/Wallet/Engine.md#method-i-import_beef
BSV::Wallet::Engine.import_utxo,Method,BSV/Wallet/Engine.md#method-i-import_utxo
BSV::Wallet::Engine.import_wallet,Method,BSV/Wallet/Engine.md#method-i-import_wallet
BSV::Wallet::Engine.initialize,Method,BSV/Wallet/Engine.md#method-i-initialize
BSV::Wallet::Engine.inspect,Method,BSV/Wallet/Engine.md#method-i-inspect
BSV::Wallet::Engine.limp_mode?,Method,BSV/Wallet/Engine.md#method-i-limp_mode-3F
BSV::Wallet::Engine.list_actions,Method,BSV/Wallet/Engine.md#method-i-list_actions
BSV::Wallet::Engine.list_certificates,Method,BSV/Wallet/Engine.md#method-i-list_certificates
BSV::Wallet::Engine.list_receive_addresses,Method,BSV/Wallet/Engine.md#method-i-list_receive_addresses
BSV::Wallet::Engine.prove_certificate,Method,BSV/Wallet/Engine.md#method-i-prove_certificate
BSV::Wallet::Engine.reject_action,Method,BSV/Wallet/Engine.md#method-i-reject_action
BSV::Wallet::Engine.relinquish_certificate,Method,BSV/Wallet/Engine.md#method-i-relinquish_certificate
BSV::Wallet::Engine.relinquish_output,Method,BSV/Wallet/Engine.md#method-i-relinquish_output
BSV::Wallet::Engine.reveal_counterparty_key_linkage,Method,BSV/Wallet/Engine.md#method-i-reveal_counterparty_key_linkage
BSV::Wallet::Engine.reveal_specific_key_linkage,Method,BSV/Wallet/Engine.md#method-i-reveal_specific_key_linkage
BSV::Wallet::Engine.scan_receive_addresses,Method,BSV/Wallet/Engine.md#method-i-scan_receive_addresses
BSV::Wallet::Engine.send_payment,Method,BSV/Wallet/Engine.md#method-i-send_payment
BSV::Wallet::Engine.sign_action,Method,BSV/Wallet/Engine.md#method-i-sign_action
BSV::Wallet::Engine.spendable_outputs,Method,BSV/Wallet/Engine.md#method-i-spendable_outputs
BSV::Wallet::Engine.sweep,Method,BSV/Wallet/Engine.md#method-i-sweep
BSV::Wallet::Engine.sweep_to_root,Method,BSV/Wallet/Engine.md#method-i-sweep_to_root
BSV::Wallet::Engine.verify_hmac,Method,BSV/Wallet/Engine.md#method-i-verify_hmac
BSV::Wallet::Engine.verify_signature,Method,BSV/Wallet/Engine.md#method-i-verify_signature
BSV::Wallet::Engine.wait_for_authentication,Method,BSV/Wallet/Engine.md#method-i-wait_for_authentication
BSV::Wallet::Engine.beef_importer,Attribute,BSV/Wallet/Engine.md#attribute-i-beef_importer
BSV::Wallet::Engine.broadcast_worker,Attribute,BSV/Wallet/Engine.md#attribute-i-broadcast_worker
BSV::Wallet::Engine.broadcaster,Attribute,BSV/Wallet/Engine.md#attribute-i-broadcaster
BSV::Wallet::Engine.chain_tracker,Attribute,BSV/Wallet/Engine.md#attribute-i-chain_tracker
BSV::Wallet::Engine.funding_strategy,Attribute,BSV/Wallet/Engine.md#attribute-i-funding_strategy
BSV::Wallet::Engine.hydrator,Attribute,BSV/Wallet/Engine.md#attribute-i-hydrator
BSV::Wallet::Engine.key_deriver,Attribute,BSV/Wallet/Engine.md#attribute-i-key_deriver
BSV::Wallet::Engine.limp_threshold,Attribute,BSV/Wallet/Engine.md#attribute-i-limp_threshold
BSV::Wallet::Engine.network_provider,Attribute,BSV/Wallet/Engine.md#attribute-i-network_provider
BSV::Wallet::Engine.services,Attribute,BSV/Wallet/Engine.md#attribute-i-services
BSV::Wallet::Engine.store,Attribute,BSV/Wallet/Engine.md#attribute-i-store
BSV::Wallet::Engine.transmission,Attribute,BSV/Wallet/Engine.md#attribute-i-transmission
BSV::Wallet::Engine.tx_builder,Attribute,BSV/Wallet/Engine.md#attribute-i-tx_builder
BSV::Wallet::Engine.utxo_pool,Attribute,BSV/Wallet/Engine.md#attribute-i-utxo_pool
BSV::Wallet::InsufficientFundsError,Class,BSV/Wallet/InsufficientFundsError.md
BSV::Wallet::InsufficientFundsError.initialize,Method,BSV/Wallet/InsufficientFundsError.md#method-i-initialize
BSV::Wallet::InsufficientFundsError.available,Attribute,BSV/Wallet/InsufficientFundsError.md#attribute-i-available
BSV::Wallet::InsufficientFundsError.required,Attribute,BSV/Wallet/InsufficientFundsError.md#attribute-i-required
BSV::Wallet::PoolDepletedError,Class,BSV/Wallet/PoolDepletedError.md
BSV::Wallet::PoolDepletedError.initialize,Method,BSV/Wallet/PoolDepletedError.md#method-i-initialize
BSV::Wallet::InvalidBeefError,Class,BSV/Wallet/InvalidBeefError.md
BSV::Wallet::InvalidBeefError.initialize,Method,BSV/Wallet/InvalidBeefError.md#method-i-initialize
BSV::Wallet::EgressBeefInvalidError,Class,BSV/Wallet/EgressBeefInvalidError.md
BSV::Wallet::EgressBeefInvalidError.initialize,Method,BSV/Wallet/EgressBeefInvalidError.md#method-i-initialize
BSV::Wallet::LimpModeError,Class,BSV/Wallet/LimpModeError.md
BSV::Wallet::LimpModeError.initialize,Method,BSV/Wallet/LimpModeError.md#method-i-initialize
BSV::Wallet::LimpModeError.balance,Attribute,BSV/Wallet/LimpModeError.md#attribute-i-balance
BSV::Wallet::LimpModeError.threshold,Attribute,BSV/Wallet/LimpModeError.md#attribute-i-threshold
BSV::Wallet::CannotAbortPromotedActionError,Class,BSV/Wallet/CannotAbortPromotedActionError.md
BSV::Wallet::CannotAbortPromotedActionError.initialize,Method,BSV/Wallet/CannotAbortPromotedActionError.md#method-i-initialize
BSV::Wallet::CannotRejectInternalActionError,Class,BSV/Wallet/CannotRejectInternalActionError.md
BSV::Wallet::CannotRejectInternalActionError.initialize,Method,BSV/Wallet/CannotRejectInternalActionError.md#method-i-initialize
BSV::Wallet::CannotRejectAcceptedActionError,Class,BSV/Wallet/CannotRejectAcceptedActionError.md
BSV::Wallet::CannotRejectAcceptedActionError.initialize,Method,BSV/Wallet/CannotRejectAcceptedActionError.md#method-i-initialize
BSV::Wallet::SchemaIntegrityError,Class,BSV/Wallet/SchemaIntegrityError.md
BSV::Wallet::SchemaIntegrityError.initialize,Method,BSV/Wallet/SchemaIntegrityError.md#method-i-initialize
BSV::Wallet::CompetingBlockHeaderError,Class,BSV/Wallet/CompetingBlockHeaderError.md
BSV::Wallet::CompetingBlockHeaderError.initialize,Method,BSV/Wallet/CompetingBlockHeaderError.md#method-i-initialize
BSV::Wallet::CompetingBlockHeaderError.height,Attribute,BSV/Wallet/CompetingBlockHeaderError.md#attribute-i-height
BSV::Wallet::ConfigurationError,Class,BSV/Wallet/ConfigurationError.md
BSV::Wallet::Fixtures::Wallet,Class,BSV/Wallet/Fixtures/Wallet.md
BSV::Wallet::Fixtures::Wallet.database_url,Attribute,BSV/Wallet/Fixtures/Wallet.md#attribute-i-database_url
BSV::Wallet::Fixtures::Wallet.name,Attribute,BSV/Wallet/Fixtures/Wallet.md#attribute-i-name
BSV::Wallet::Fixtures::Wallet.wif,Attribute,BSV/Wallet/Fixtures/Wallet.md#attribute-i-wif
BSV::Wallet::Fixtures::Registry,Class,BSV/Wallet/Fixtures/Registry.md
BSV::Wallet::Fixtures::Registry.[],Method,BSV/Wallet/Fixtures/Registry.md#method-i--5B-5D
BSV::Wallet::Fixtures::Registry.each,Method,BSV/Wallet/Fixtures/Registry.md#method-i-each
BSV::Wallet::Fixtures::Registry.initialize,Method,BSV/Wallet/Fixtures/Registry.md#method-i-initialize
BSV::Wallet::Fixtures::Registry.names,Method,BSV/Wallet/Fixtures/Registry.md#method-i-names
BSV::Wallet::Fixtures::Registry.wallet,Method,BSV/Wallet/Fixtures/Registry.md#method-i-wallet
BSV::Wallet::Fixtures::Registry.postgres_base,Attribute,BSV/Wallet/Fixtures/Registry.md#attribute-i-postgres_base
BSV::Network::Services,Class,BSV/Network/Services.md
BSV::Network::Services.RETRYABLE_ATTEMPTS,Constant,BSV/Network/Services.md#constant-RETRYABLE_ATTEMPTS
BSV::Network::Services.RETRYABLE_BACKOFF_BASE_S,Constant,BSV/Network/Services.md#constant-RETRYABLE_BACKOFF_BASE_S
BSV::Network::Services.NORMALIZED_COMMANDS,Constant,BSV/Network/Services.md#constant-NORMALIZED_COMMANDS
BSV::Network::Services.MEMO_TTL,Constant,BSV/Network/Services.md#constant-MEMO_TTL
BSV::Network::Services.MAX_MEMO_ENTRIES,Constant,BSV/Network/Services.md#constant-MAX_MEMO_ENTRIES
BSV::Network::Services.backoff_sleep,Method,BSV/Network/Services.md#method-i-backoff_sleep
BSV::Network::Services.call,Method,BSV/Network/Services.md#method-i-call
BSV::Network::Services.call_with_backoff,Method,BSV/Network/Services.md#method-i-call_with_backoff
BSV::Network::Services.call_with_candidates,Method,BSV/Network/Services.md#method-i-call_with_candidates
BSV::Network::Services.commands,Method,BSV/Network/Services.md#method-i-commands
BSV::Network::Services.fetch!,Method,BSV/Network/Services.md#method-i-fetch-21
BSV::Network::Services.initialize,Method,BSV/Network/Services.md#method-i-initialize
BSV::Network::Services.push!,Method,BSV/Network/Services.md#method-i-push-21
BSV::Network::Services.providers,Attribute,BSV/Network/Services.md#attribute-i-providers
BSV::Network::Services::TokenBucket,Class,BSV/Network/Services/TokenBucket.md
BSV::Network::Services::TokenBucket.acquire!,Method,BSV/Network/Services/TokenBucket.md#method-i-acquire-21
BSV::Network::Services::TokenBucket.initialize,Method,BSV/Network/Services/TokenBucket.md#method-i-initialize
BSV::Wallet::Scheduler,Class,BSV/Wallet/Scheduler.md
BSV::Wallet::Scheduler.TERMINAL_EVENTS,Constant,BSV/Wallet/Scheduler.md#constant-TERMINAL_EVENTS
BSV::Wallet::Scheduler.DEFAULT_SHUTDOWN_TIMEOUT_S,Constant,BSV/Wallet/Scheduler.md#constant-DEFAULT_SHUTDOWN_TIMEOUT_S
BSV::Wallet::Scheduler.SHUTDOWN_POLL_INTERVAL_S,Constant,BSV/Wallet/Scheduler.md#constant-SHUTDOWN_POLL_INTERVAL_S
BSV::Wallet::Scheduler.REAP_INTERVAL_S,Constant,BSV/Wallet/Scheduler.md#constant-REAP_INTERVAL_S
BSV::Wallet::Scheduler.REAP_LIMIT,Constant,BSV/Wallet/Scheduler.md#constant-REAP_LIMIT
BSV::Wallet::Scheduler.in_flight,Method,BSV/Wallet/Scheduler.md#method-i-in_flight
BSV::Wallet::Scheduler.initialize,Method,BSV/Wallet/Scheduler.md#method-i-initialize
BSV::Wallet::Scheduler.run!,Method,BSV/Wallet/Scheduler.md#method-i-run-21
BSV::Wallet::Scheduler.shutdown,Method,BSV/Wallet/Scheduler.md#method-i-shutdown
BSV::Wallet::Scheduler.stopping?,Method,BSV/Wallet/Scheduler.md#method-i-stopping-3F
BSV::Wallet::CLI::Error,Class,BSV/Wallet/CLI/Error.md
BSV::Wallet::CLI::Error.exit_code,Method,BSV/Wallet/CLI/Error.md#method-i-exit_code
BSV::Wallet::CLI::UsageError,Class,BSV/Wallet/CLI/UsageError.md
BSV::Wallet::CLI::UsageError.exit_code,Method,BSV/Wallet/CLI/UsageError.md#method-i-exit_code
BSV::Wallet::CLI::EngineError,Class,BSV/Wallet/CLI/EngineError.md
BSV::Wallet::CLI::EngineError.exit_code,Method,BSV/Wallet/CLI/EngineError.md#method-i-exit_code
BSV::Wallet::CLI::NotRejectableError,Class,BSV/Wallet/CLI/NotRejectableError.md
BSV::Wallet::CLI::NotRejectableError.exit_code,Method,BSV/Wallet/CLI/NotRejectableError.md#method-i-exit_code
BSV::Wallet::CLI::InsecureWifError,Class,BSV/Wallet/CLI/InsecureWifError.md
BSV::Wallet::CLI::InsecureWifError.exit_code,Method,BSV/Wallet/CLI/InsecureWifError.md#method-i-exit_code
BSV::Wallet::KeyDeriver,Class,BSV/Wallet/KeyDeriver.md
BSV::Wallet::KeyDeriver.ANYONE_PRIVATE_KEY,Constant,BSV/Wallet/KeyDeriver.md#constant-ANYONE_PRIVATE_KEY
BSV::Wallet::KeyDeriver.ANYONE_PUBLIC_KEY,Constant,BSV/Wallet/KeyDeriver.md#constant-ANYONE_PUBLIC_KEY
BSV::Wallet::KeyDeriver.create_hmac,Method,BSV/Wallet/KeyDeriver.md#method-i-create_hmac
BSV::Wallet::KeyDeriver.create_signature,Method,BSV/Wallet/KeyDeriver.md#method-i-create_signature
BSV::Wallet::KeyDeriver.decrypt,Method,BSV/Wallet/KeyDeriver.md#method-i-decrypt
BSV::Wallet::KeyDeriver.derive_private_key,Method,BSV/Wallet/KeyDeriver.md#method-i-derive_private_key
BSV::Wallet::KeyDeriver.derive_public_key,Method,BSV/Wallet/KeyDeriver.md#method-i-derive_public_key
BSV::Wallet::KeyDeriver.derive_revelation_keyring,Method,BSV/Wallet/KeyDeriver.md#method-i-derive_revelation_keyring
BSV::Wallet::KeyDeriver.encrypt,Method,BSV/Wallet/KeyDeriver.md#method-i-encrypt
BSV::Wallet::KeyDeriver.identity_key,Method,BSV/Wallet/KeyDeriver.md#method-i-identity_key
BSV::Wallet::KeyDeriver.identity_key_bytes,Method,BSV/Wallet/KeyDeriver.md#method-i-identity_key_bytes
BSV::Wallet::KeyDeriver.identity_pubkey_hash,Method,BSV/Wallet/KeyDeriver.md#method-i-identity_pubkey_hash
BSV::Wallet::KeyDeriver.initialize,Method,BSV/Wallet/KeyDeriver.md#method-i-initialize
BSV::Wallet::KeyDeriver.inspect,Method,BSV/Wallet/KeyDeriver.md#method-i-inspect
BSV::Wallet::KeyDeriver.reveal_counterparty_linkage,Method,BSV/Wallet/KeyDeriver.md#method-i-reveal_counterparty_linkage
BSV::Wallet::KeyDeriver.reveal_specific_linkage,Method,BSV/Wallet/KeyDeriver.md#method-i-reveal_specific_linkage
BSV::Wallet::KeyDeriver.root_private_key,Method,BSV/Wallet/KeyDeriver.md#method-i-root_private_key
BSV::Wallet::KeyDeriver.root_private_key_bytes,Method,BSV/Wallet/KeyDeriver.md#method-i-root_private_key_bytes
BSV::Wallet::KeyDeriver.verify_signature,Method,BSV/Wallet/KeyDeriver.md#method-i-verify_signature
BSV::Wallet::KeyDeriver.validate_counterparty_hex!,Method,BSV/Wallet/KeyDeriver.md#method-c-validate_counterparty_hex-21
BSV::Wallet::KeyDeriver.validate_identity_pubkey_hex!,Method,BSV/Wallet/KeyDeriver.md#method-c-validate_identity_pubkey_hex-21
BSV::Network::Broadcaster,Class,BSV/Network/Broadcaster.md
BSV::Network::Broadcaster.broadcast,Method,BSV/Network/Broadcaster.md#method-i-broadcast
BSV::Network::Broadcaster.get_tx_status,Method,BSV/Network/Broadcaster.md#method-i-get_tx_status
BSV::Network::Broadcaster.initialize,Method,BSV/Network/Broadcaster.md#method-i-initialize
BSV::Network::Broadcaster.provider_for,Method,BSV/Network/Broadcaster.md#method-i-provider_for
BSV::Network::Broadcaster.providers,Attribute,BSV/Network/Broadcaster.md#attribute-i-providers
BSV::Network::Checkpoints::UnsupportedNetworkError,Class,BSV/Network/Checkpoints/UnsupportedNetworkError.md
BSV::Network::Checkpoints::CorruptCheckpointError,Class,BSV/Network/Checkpoints/CorruptCheckpointError.md
BSV::Wallet::Store::SQLite,Class,BSV/Wallet/Store/SQLite.md
BSV::Wallet::Store::SQLite.configure_db,Method,BSV/Wallet/Store/SQLite.md#method-i-configure_db
BSV::Wallet::Store::SQLite.try_lock_input,Method,BSV/Wallet/Store/SQLite.md#method-i-try_lock_input
BSV::Network::BlockHeader,Class,BSV/Network/BlockHeader.md
BSV::Network::BlockHeader.HEADER_SIZE,Constant,BSV/Network/BlockHeader.md#constant-HEADER_SIZE
BSV::Network::BlockHeader.MAX_TARGET_EXCLUSIVE,Constant,BSV/Network/BlockHeader.md#constant-MAX_TARGET_EXCLUSIVE
BSV::Network::BlockHeader.block_hash,Method,BSV/Network/BlockHeader.md#method-i-block_hash
BSV::Network::BlockHeader.initialize,Method,BSV/Network/BlockHeader.md#method-i-initialize
BSV::Network::BlockHeader.links_to?,Method,BSV/Network/BlockHeader.md#method-i-links_to-3F
BSV::Network::BlockHeader.target,Method,BSV/Network/BlockHeader.md#method-i-target
BSV::Network::BlockHeader.valid_pow?,Method,BSV/Network/BlockHeader.md#method-i-valid_pow-3F
BSV::Network::BlockHeader.from_service_fields,Method,BSV/Network/BlockHeader.md#method-c-from_service_fields
BSV::Network::BlockHeader.parse,Method,BSV/Network/BlockHeader.md#method-c-parse
BSV::Network::BlockHeader.target_from_bits,Method,BSV/Network/BlockHeader.md#method-c-target_from_bits
BSV::Network::BlockHeader.bits,Attribute,BSV/Network/BlockHeader.md#attribute-i-bits
BSV::Network::BlockHeader.merkle_root,Attribute,BSV/Network/BlockHeader.md#attribute-i-merkle_root
BSV::Network::BlockHeader.nonce,Attribute,BSV/Network/BlockHeader.md#attribute-i-nonce
BSV::Network::BlockHeader.prev_hash,Attribute,BSV/Network/BlockHeader.md#attribute-i-prev_hash
BSV::Network::BlockHeader.raw,Attribute,BSV/Network/BlockHeader.md#attribute-i-raw
BSV::Network::BlockHeader.time,Attribute,BSV/Network/BlockHeader.md#attribute-i-time
BSV::Network::BlockHeader.version,Attribute,BSV/Network/BlockHeader.md#attribute-i-version
BSV::Network::BlockHeader::InvalidHeaderError,Class,BSV/Network/BlockHeader/InvalidHeaderError.md
BSV::Network::SSEListener,Class,BSV/Network/SSEListener.md
BSV::Network::SSEListener.EVENTS_PATH,Constant,BSV/Network/SSEListener.md#constant-EVENTS_PATH
BSV::Network::SSEListener.RECONNECT_DELAY,Constant,BSV/Network/SSEListener.md#constant-RECONNECT_DELAY
BSV::Network::SSEListener.DEFAULT_IDLE_TIMEOUT,Constant,BSV/Network/SSEListener.md#constant-DEFAULT_IDLE_TIMEOUT
BSV::Network::SSEListener.initialize,Method,BSV/Network/SSEListener.md#method-i-initialize
BSV::Network::SSEListener.run!,Method,BSV/Network/SSEListener.md#method-i-run-21
BSV::Network::SSEListener.stop!,Method,BSV/Network/SSEListener.md#method-i-stop-21
BSV::Wallet::Engine::Action,Class,BSV/Wallet/Engine/Action.md
BSV::Wallet::Engine::Action.abort!,Method,BSV/Wallet/Engine/Action.md#method-i-abort-21
BSV::Wallet::Engine::Action.apply_caller_spends!,Method,BSV/Wallet/Engine/Action.md#method-i-apply_caller_spends-21
BSV::Wallet::Engine::Action.build_deferred!,Method,BSV/Wallet/Engine/Action.md#method-i-build_deferred-21
BSV::Wallet::Engine::Action.build_via_funding!,Method,BSV/Wallet/Engine/Action.md#method-i-build_via_funding-21
BSV::Wallet::Engine::Action.build_with_caller_inputs!,Method,BSV/Wallet/Engine/Action.md#method-i-build_with_caller_inputs-21
BSV::Wallet::Engine::Action.complete_internal!,Method,BSV/Wallet/Engine/Action.md#method-i-complete_internal-21
BSV::Wallet::Engine::Action.initialize,Method,BSV/Wallet/Engine/Action.md#method-i-initialize
BSV::Wallet::Engine::Action.query_change_outpoints,Method,BSV/Wallet/Engine/Action.md#method-i-query_change_outpoints
BSV::Wallet::Engine::Action.sign_and_save!,Method,BSV/Wallet/Engine/Action.md#method-i-sign_and_save-21
BSV::Wallet::Engine::Action.attach_labels,Method,BSV/Wallet/Engine/Action.md#method-c-attach_labels
BSV::Wallet::Engine::Action.build_input_specs,Method,BSV/Wallet/Engine/Action.md#method-c-build_input_specs
BSV::Wallet::Engine::Action.build_output_specs,Method,BSV/Wallet/Engine/Action.md#method-c-build_output_specs
BSV::Wallet::Engine::Action.create,Method,BSV/Wallet/Engine/Action.md#method-c-create
BSV::Wallet::Engine::Action.find,Method,BSV/Wallet/Engine/Action.md#method-c-find
BSV::Wallet::Engine::Action.find_by_id,Method,BSV/Wallet/Engine/Action.md#method-c-find_by_id
BSV::Wallet::Engine::Action.list,Method,BSV/Wallet/Engine/Action.md#method-c-list
BSV::Wallet::Engine::Action.lock_caller_inputs!,Method,BSV/Wallet/Engine/Action.md#method-c-lock_caller_inputs-21
BSV::Wallet::Engine::Action.engine,Attribute,BSV/Wallet/Engine/Action.md#attribute-i-engine
BSV::Wallet::Engine::Action.id,Attribute,BSV/Wallet/Engine/Action.md#attribute-i-id
BSV::Wallet::Engine::Action.row,Attribute,BSV/Wallet/Engine/Action.md#attribute-i-row
BSV::Wallet::Engine::Policy,Class,BSV/Wallet/Engine/Policy.md
BSV::Wallet::Engine::Policy.guard_balance!,Method,BSV/Wallet/Engine/Policy.md#method-i-guard_balance-21
BSV::Wallet::Engine::Policy.initialize,Method,BSV/Wallet/Engine/Policy.md#method-i-initialize
BSV::Wallet::Engine::Reaper,Class,BSV/Wallet/Engine/Reaper.md
BSV::Wallet::Engine::Reaper.ENDPOINT,Constant,BSV/Wallet/Engine/Reaper.md#constant-ENDPOINT
BSV::Wallet::Engine::Reaper.initialize,Method,BSV/Wallet/Engine/Reaper.md#method-i-initialize
BSV::Wallet::Engine::Reaper.process,Method,BSV/Wallet/Engine/Reaper.md#method-i-process
BSV::Wallet::Engine::Reaper.pull!,Method,BSV/Wallet/Engine/Reaper.md#method-i-pull-21
BSV::Wallet::Engine::Reaper.pending,Method,BSV/Wallet/Engine/Reaper.md#method-c-pending
BSV::Network::ChainTracker,Class,BSV/Network/ChainTracker.md
BSV::Network::ChainTracker.current_height,Method,BSV/Network/ChainTracker.md#method-i-current_height
BSV::Network::ChainTracker.initialize,Method,BSV/Network/ChainTracker.md#method-i-initialize
BSV::Network::ChainTracker.valid_root_for_height?,Method,BSV/Network/ChainTracker.md#method-i-valid_root_for_height-3F
BSV::Network::HeaderSyncer,Class,BSV/Network/HeaderSyncer.md
BSV::Network::HeaderSyncer.MAX_SYNC_SPAN,Constant,BSV/Network/HeaderSyncer.md#constant-MAX_SYNC_SPAN
BSV::Network::HeaderSyncer.initialize,Method,BSV/Network/HeaderSyncer.md#method-i-initialize
BSV::Network::HeaderSyncer.sync_to!,Method,BSV/Network/HeaderSyncer.md#method-i-sync_to-21
BSV::Network::HeaderSyncer.validated_tip,Method,BSV/Network/HeaderSyncer.md#method-i-validated_tip
BSV::Network::HeaderSyncer.checkpoint_height,Attribute,BSV/Network/HeaderSyncer.md#attribute-i-checkpoint_height
BSV::Network::PeerDelivery,Class,BSV/Network/PeerDelivery.md
BSV::Network::PeerDelivery.DEFAULT_CONNECT_TIMEOUT,Constant,BSV/Network/PeerDelivery.md#constant-DEFAULT_CONNECT_TIMEOUT
BSV::Network::PeerDelivery.DEFAULT_READ_TIMEOUT,Constant,BSV/Network/PeerDelivery.md#constant-DEFAULT_READ_TIMEOUT
BSV::Network::PeerDelivery.deliver,Method,BSV/Network/PeerDelivery.md#method-i-deliver
BSV::Network::PeerDelivery.initialize,Method,BSV/Network/PeerDelivery.md#method-i-initialize
BSV::Network::PeerDelivery.policy,Attribute,BSV/Network/PeerDelivery.md#attribute-i-policy
BSV::Network::PeerDelivery::Result,Class,BSV/Network/PeerDelivery/Result.md
BSV::Network::PeerDelivery::Result.delivered?,Method,BSV/Network/PeerDelivery/Result.md#method-i-delivered-3F
BSV::Network::PeerDelivery::Result.error_message,Attribute,BSV/Network/PeerDelivery/Result.md#attribute-i-error_message
BSV::Network::PeerDelivery::Result.http_status,Attribute,BSV/Network/PeerDelivery/Result.md#attribute-i-http_status
BSV::Network::PeerDelivery::Result.outcome,Attribute,BSV/Network/PeerDelivery/Result.md#attribute-i-outcome
BSV::Network::PeerDelivery::Result.wtxid,Attribute,BSV/Network/PeerDelivery/Result.md#attribute-i-wtxid
BSV::Wallet::Store::Postgres,Class,BSV/Wallet/Store/Postgres.md
BSV::Wallet::Store::Postgres.configure_db,Method,BSV/Wallet/Store/Postgres.md#method-i-configure_db
BSV::Wallet::Store::Postgres.initialize,Method,BSV/Wallet/Store/Postgres.md#method-i-initialize
BSV::Wallet::Store::Postgres.try_lock_input,Method,BSV/Wallet/Store/Postgres.md#method-i-try_lock_input
BSV::Wallet::Engine::Hydrator,Class,BSV/Wallet/Engine/Hydrator.md
BSV::Wallet::Engine::Hydrator.build_atomic_beef,Method,BSV/Wallet/Engine/Hydrator.md#method-i-build_atomic_beef
BSV::Wallet::Engine::Hydrator.initialize,Method,BSV/Wallet/Engine/Hydrator.md#method-i-initialize
BSV::Wallet::Engine::Hydrator.proof_arrived,Method,BSV/Wallet/Engine/Hydrator.md#method-i-proof_arrived
BSV::Wallet::Engine::Hydrator.validate_for_handoff!,Method,BSV/Wallet/Engine/Hydrator.md#method-i-validate_for_handoff-21
BSV::Wallet::Engine::Hydrator.wire_ancestor,Method,BSV/Wallet/Engine/Hydrator.md#method-i-wire_ancestor
BSV::Wallet::Engine::Hydrator.cache,Attribute,BSV/Wallet/Engine/Hydrator.md#attribute-i-cache
BSV::Wallet::Engine::TxProof,Class,BSV/Wallet/Engine/TxProof.md
BSV::Wallet::Engine::TxProof.initialize,Method,BSV/Wallet/Engine/TxProof.md#method-i-initialize
BSV::Wallet::Engine::TxProof.process,Method,BSV/Wallet/Engine/TxProof.md#method-i-process
BSV::Wallet::Engine::TxProof.pull!,Method,BSV/Wallet/Engine/TxProof.md#method-i-pull-21
BSV::Wallet::Engine::TxProof.pending,Method,BSV/Wallet/Engine/TxProof.md#method-c-pending
BSV::Wallet::Store::UTXOPool,Class,BSV/Wallet/Store/UTXOPool.md
BSV::Wallet::Store::UTXOPool.MAX_UTXO_COUNT,Constant,BSV/Wallet/Store/UTXOPool.md#constant-MAX_UTXO_COUNT
BSV::Wallet::Store::UTXOPool.MIN_UTXO_SATS,Constant,BSV/Wallet/Store/UTXOPool.md#constant-MIN_UTXO_SATS
BSV::Wallet::Store::UTXOPool.MAX_CHANGE_PER_TX,Constant,BSV/Wallet/Store/UTXOPool.md#constant-MAX_CHANGE_PER_TX
BSV::Wallet::Store::UTXOPool.balance,Method,BSV/Wallet/Store/UTXOPool.md#method-i-balance
BSV::Wallet::Store::UTXOPool.change_output_count,Method,BSV/Wallet/Store/UTXOPool.md#method-i-change_output_count
BSV::Wallet::Store::UTXOPool.initialize,Method,BSV/Wallet/Store/UTXOPool.md#method-i-initialize
BSV::Wallet::Store::UTXOPool.largest,Method,BSV/Wallet/Store/UTXOPool.md#method-i-largest
BSV::Wallet::Store::UTXOPool.release,Method,BSV/Wallet/Store/UTXOPool.md#method-i-release
BSV::Wallet::Store::UTXOPool.select,Method,BSV/Wallet/Store/UTXOPool.md#method-i-select
BSV::Wallet::Store::UTXOPool.smallest,Method,BSV/Wallet/Store/UTXOPool.md#method-i-smallest
BSV::Wallet::Store::UTXOPool.spendable_count,Method,BSV/Wallet/Store/UTXOPool.md#method-i-spendable_count
BSV::Network::EndpointPolicy,Class,BSV/Network/EndpointPolicy.md
BSV::Network::EndpointPolicy.PRIVATE_RANGES,Constant,BSV/Network/EndpointPolicy.md#constant-PRIVATE_RANGES
BSV::Network::EndpointPolicy.allow_body?,Method,BSV/Network/EndpointPolicy.md#method-i-allow_body-3F
BSV::Network::EndpointPolicy.initialize,Method,BSV/Network/EndpointPolicy.md#method-i-initialize
BSV::Network::EndpointPolicy.validate!,Method,BSV/Network/EndpointPolicy.md#method-i-validate-21
BSV::Network::EndpointPolicy.allow_private,Attribute,BSV/Network/EndpointPolicy.md#attribute-i-allow_private
BSV::Network::EndpointPolicy.max_body_bytes,Attribute,BSV/Network/EndpointPolicy.md#attribute-i-max_body_bytes
BSV::Network::EndpointPolicy.require_https,Attribute,BSV/Network/EndpointPolicy.md#attribute-i-require_https
BSV::Network::EndpointPolicy::Violation,Class,BSV/Network/EndpointPolicy/Violation.md
BSV::Wallet::Engine::Broadcast,Class,BSV/Wallet/Engine/Broadcast.md
BSV::Wallet::Engine::Broadcast.applicator,Method,BSV/Wallet/Engine/Broadcast.md#method-i-applicator
BSV::Wallet::Engine::Broadcast.hints_pull!,Method,BSV/Wallet/Engine/Broadcast.md#method-i-hints_pull-21
BSV::Wallet::Engine::Broadcast.initialize,Method,BSV/Wallet/Engine/Broadcast.md#method-i-initialize
BSV::Wallet::Engine::Broadcast.process,Method,BSV/Wallet/Engine/Broadcast.md#method-i-process
BSV::Wallet::Engine::Broadcast.pull!,Method,BSV/Wallet/Engine/Broadcast.md#method-i-pull-21
BSV::Wallet::Engine::Broadcast.reply!,Method,BSV/Wallet/Engine/Broadcast.md#method-i-reply-21
BSV::Wallet::Engine::Broadcast.statuses_pull!,Method,BSV/Wallet/Engine/Broadcast.md#method-i-statuses_pull-21
BSV::Wallet::Engine::Broadcast.pending_resolutions,Method,BSV/Wallet/Engine/Broadcast.md#method-c-pending_resolutions
BSV::Wallet::Engine::Broadcast.pending_submissions,Method,BSV/Wallet/Engine/Broadcast.md#method-c-pending_submissions
BSV::Wallet::Engine::Broadcast.hydrated_tx_cache,Attribute,BSV/Wallet/Engine/Broadcast.md#attribute-i-hydrated_tx_cache
BSV::Wallet::Store::Models::Tag,Class,BSV/Wallet/Store/Models/Tag.md
BSV::Wallet::CLI::Commands::Base,Class,BSV/Wallet/CLI/Commands/Base.md
BSV::Wallet::CLI::Commands::Base.TEXT_REDACTION,Constant,BSV/Wallet/CLI/Commands/Base.md#constant-TEXT_REDACTION
BSV::Wallet::CLI::Commands::Base.BASKET_NAME_MIN,Constant,BSV/Wallet/CLI/Commands/Base.md#constant-BASKET_NAME_MIN
BSV::Wallet::CLI::Commands::Base.BASKET_NAME_MAX,Constant,BSV/Wallet/CLI/Commands/Base.md#constant-BASKET_NAME_MAX
BSV::Wallet::CLI::Commands::Base.BASKET_NAME_CHARSET,Constant,BSV/Wallet/CLI/Commands/Base.md#constant-BASKET_NAME_CHARSET
BSV::Wallet::CLI::Commands::Base.build_parser,Method,BSV/Wallet/CLI/Commands/Base.md#method-i-build_parser
BSV::Wallet::CLI::Commands::Base.call,Method,BSV/Wallet/CLI/Commands/Base.md#method-i-call
BSV::Wallet::CLI::Commands::Base.help,Method,BSV/Wallet/CLI/Commands/Base.md#method-i-help
BSV::Wallet::CLI::Commands::Base.initialize,Method,BSV/Wallet/CLI/Commands/Base.md#method-i-initialize
BSV::Wallet::CLI::Commands::Base.name,Method,BSV/Wallet/CLI/Commands/Base.md#method-i-name
BSV::Wallet::CLI::Commands::Base.parser,Method,BSV/Wallet/CLI/Commands/Base.md#method-i-parser
BSV::Wallet::CLI::Commands::List,Class,BSV/Wallet/CLI/Commands/List.md
BSV::Wallet::CLI::Commands::List.NOUNS,Constant,BSV/Wallet/CLI/Commands/List.md#constant-NOUNS
BSV::Wallet::CLI::Commands::List.DEFAULT_LIMIT,Constant,BSV/Wallet/CLI/Commands/List.md#constant-DEFAULT_LIMIT
BSV::Wallet::CLI::Commands::List.build_parser,Method,BSV/Wallet/CLI/Commands/List.md#method-i-build_parser
BSV::Wallet::CLI::Commands::List.call,Method,BSV/Wallet/CLI/Commands/List.md#method-i-call
BSV::Wallet::CLI::Commands::List.name,Method,BSV/Wallet/CLI/Commands/List.md#method-i-name
BSV::Wallet::CLI::Commands::Send,Class,BSV/Wallet/CLI/Commands/Send.md
BSV::Wallet::CLI::Commands::Send.P2PKH_VERSION_BYTES,Constant,BSV/Wallet/CLI/Commands/Send.md#constant-P2PKH_VERSION_BYTES
BSV::Wallet::CLI::Commands::Send.P2PKH_PAYLOAD_BYTES,Constant,BSV/Wallet/CLI/Commands/Send.md#constant-P2PKH_PAYLOAD_BYTES
BSV::Wallet::CLI::Commands::Send.BROADCAST_LABELS,Constant,BSV/Wallet/CLI/Commands/Send.md#constant-BROADCAST_LABELS
BSV::Wallet::CLI::Commands::Send.build_parser,Method,BSV/Wallet/CLI/Commands/Send.md#method-i-build_parser
BSV::Wallet::CLI::Commands::Send.call,Method,BSV/Wallet/CLI/Commands/Send.md#method-i-call
BSV::Wallet::CLI::Commands::Send.name,Method,BSV/Wallet/CLI/Commands/Send.md#method-i-name
BSV::Wallet::Engine::TxBuilder,Class,BSV/Wallet/Engine/TxBuilder.md
BSV::Wallet::Engine::TxBuilder.apply_spends,Method,BSV/Wallet/Engine/TxBuilder.md#method-i-apply_spends
BSV::Wallet::Engine::TxBuilder.build,Method,BSV/Wallet/Engine/TxBuilder.md#method-i-build
BSV::Wallet::Engine::TxBuilder.build_change,Method,BSV/Wallet/Engine/TxBuilder.md#method-i-build_change
BSV::Wallet::Engine::TxBuilder.initialize,Method,BSV/Wallet/Engine/TxBuilder.md#method-i-initialize
BSV::Wallet::Engine::TxBuilder.resolve_locking_script,Method,BSV/Wallet/Engine/TxBuilder.md#method-c-resolve_locking_script
BSV::Wallet::CLI::Commands::Sweep,Class,BSV/Wallet/CLI/Commands/Sweep.md
BSV::Wallet::CLI::Commands::Sweep.build_parser,Method,BSV/Wallet/CLI/Commands/Sweep.md#method-i-build_parser
BSV::Wallet::CLI::Commands::Sweep.call,Method,BSV/Wallet/CLI/Commands/Sweep.md#method-i-call
BSV::Wallet::CLI::Commands::Sweep.name,Method,BSV/Wallet/CLI/Commands/Sweep.md#method-i-name
BSV::Wallet::CLI::GlobalOptions,Class,BSV/Wallet/CLI/GlobalOptions.md
BSV::Wallet::CLI::GlobalOptions.default,Method,BSV/Wallet/CLI/GlobalOptions.md#method-c-default
BSV::Wallet::CLI::GlobalOptions.database_url_override,Attribute,BSV/Wallet/CLI/GlobalOptions.md#attribute-i-database_url_override
BSV::Wallet::CLI::GlobalOptions.env_file,Attribute,BSV/Wallet/CLI/GlobalOptions.md#attribute-i-env_file
BSV::Wallet::CLI::GlobalOptions.json,Attribute,BSV/Wallet/CLI/GlobalOptions.md#attribute-i-json
BSV::Wallet::CLI::GlobalOptions.network,Attribute,BSV/Wallet/CLI/GlobalOptions.md#attribute-i-network
BSV::Wallet::CLI::GlobalOptions.wallet_name,Attribute,BSV/Wallet/CLI/GlobalOptions.md#attribute-i-wallet_name
BSV::Wallet::CLI::GlobalOptions.wif_override,Attribute,BSV/Wallet/CLI/GlobalOptions.md#attribute-i-wif_override
BSV::Wallet::Fixtures::Rebuilder,Class,BSV/Wallet/Fixtures/Rebuilder.md
BSV::Wallet::Fixtures::Rebuilder.DEFAULT_FUND_SATS,Constant,BSV/Wallet/Fixtures/Rebuilder.md#constant-DEFAULT_FUND_SATS
BSV::Wallet::Fixtures::Rebuilder.SKIP_NAMES,Constant,BSV/Wallet/Fixtures/Rebuilder.md#constant-SKIP_NAMES
BSV::Wallet::Fixtures::Rebuilder.fund,Method,BSV/Wallet/Fixtures/Rebuilder.md#method-i-fund
BSV::Wallet::Fixtures::Rebuilder.initialize,Method,BSV/Wallet/Fixtures/Rebuilder.md#method-i-initialize
BSV::Wallet::Fixtures::Rebuilder.rebuild,Method,BSV/Wallet/Fixtures/Rebuilder.md#method-i-rebuild
BSV::Wallet::Fixtures::Rebuilder.rebuild_all,Method,BSV/Wallet/Fixtures/Rebuilder.md#method-i-rebuild_all
BSV::Wallet::Fixtures::Rebuilder.verify,Method,BSV/Wallet/Fixtures/Rebuilder.md#method-i-verify
BSV::Wallet::Store::Models::Block,Class,BSV/Wallet/Store/Models/Block.md
BSV::Wallet::Store::Models::Input,Class,BSV/Wallet/Store/Models/Input.md
BSV::Wallet::Store::Models::Label,Class,BSV/Wallet/Store/Models/Label.md
BSV::Wallet::CLI::Commands::Import,Class,BSV/Wallet/CLI/Commands/Import.md
BSV::Wallet::CLI::Commands::Import.build_parser,Method,BSV/Wallet/CLI/Commands/Import.md#method-i-build_parser
BSV::Wallet::CLI::Commands::Import.call,Method,BSV/Wallet/CLI/Commands/Import.md#method-i-call
BSV::Wallet::CLI::Commands::Import.name,Method,BSV/Wallet/CLI/Commands/Import.md#method-i-name
BSV::Wallet::CLI::Commands::Reject,Class,BSV/Wallet/CLI/Commands/Reject.md
BSV::Wallet::CLI::Commands::Reject.build_parser,Method,BSV/Wallet/CLI/Commands/Reject.md#method-i-build_parser
BSV::Wallet::CLI::Commands::Reject.call,Method,BSV/Wallet/CLI/Commands/Reject.md#method-i-call
BSV::Wallet::CLI::Commands::Reject.name,Method,BSV/Wallet/CLI/Commands/Reject.md#method-i-name
BSV::Wallet::Engine::Transmission,Class,BSV/Wallet/Engine/Transmission.md
BSV::Wallet::Engine::Transmission.BRC43_COMPRESSED_LOWERCASE,Constant,BSV/Wallet/Engine/Transmission.md#constant-BRC43_COMPRESSED_LOWERCASE
BSV::Wallet::Engine::Transmission.initialize,Method,BSV/Wallet/Engine/Transmission.md#method-i-initialize
BSV::Wallet::Engine::Transmission.transmit,Method,BSV/Wallet/Engine/Transmission.md#method-i-transmit
BSV::Wallet::Engine::Transmission.delivery,Attribute,BSV/Wallet/Engine/Transmission.md#attribute-i-delivery
BSV::Wallet::Store::Models::Action,Class,BSV/Wallet/Store/Models/Action.md
BSV::Wallet::Store::Models::Action.before_create,Method,BSV/Wallet/Store/Models/Action.md#method-i-before_create
BSV::Wallet::Store::Models::Action.derived_status,Method,BSV/Wallet/Store/Models/Action.md#method-i-derived_status
BSV::Wallet::Store::Models::Basket,Class,BSV/Wallet/Store/Models/Basket.md
BSV::Wallet::Store::Models::Output,Class,BSV/Wallet/Store/Models/Output.md
BSV::Wallet::Store::Models::Output.basket,Method,BSV/Wallet/Store/Models/Output.md#method-i-basket
BSV::Wallet::Store::Models::Output.spendable?,Method,BSV/Wallet/Store/Models/Output.md#method-i-spendable-3F
BSV::Wallet::Store::Models::Output.validate,Method,BSV/Wallet/Store/Models/Output.md#method-i-validate
BSV::Wallet::Store::Models::Output.expected_root_script,Attribute,BSV/Wallet/Store/Models/Output.md#attribute-c-expected_root_script
BSV::Wallet::CLI::Commands::Balance,Class,BSV/Wallet/CLI/Commands/Balance.md
BSV::Wallet::CLI::Commands::Balance.build_parser,Method,BSV/Wallet/CLI/Commands/Balance.md#method-i-build_parser
BSV::Wallet::CLI::Commands::Balance.call,Method,BSV/Wallet/CLI/Commands/Balance.md#method-i-call
BSV::Wallet::CLI::Commands::Balance.name,Method,BSV/Wallet/CLI/Commands/Balance.md#method-i-name
BSV::Wallet::CLI::Commands::Receive,Class,BSV/Wallet/CLI/Commands/Receive.md
BSV::Wallet::CLI::Commands::Receive.MAX_INPUT_BYTES,Constant,BSV/Wallet/CLI/Commands/Receive.md#constant-MAX_INPUT_BYTES
BSV::Wallet::CLI::Commands::Receive.build_parser,Method,BSV/Wallet/CLI/Commands/Receive.md#method-i-build_parser
BSV::Wallet::CLI::Commands::Receive.call,Method,BSV/Wallet/CLI/Commands/Receive.md#method-i-call
BSV::Wallet::CLI::Commands::Receive.name,Method,BSV/Wallet/CLI/Commands/Receive.md#method-i-name
BSV::Wallet::Engine::BeefImporter,Class,BSV/Wallet/Engine/BeefImporter.md
BSV::Wallet::Engine::BeefImporter.import,Method,BSV/Wallet/Engine/BeefImporter.md#method-i-import
BSV::Wallet::Engine::BeefImporter.initialize,Method,BSV/Wallet/Engine/BeefImporter.md#method-i-initialize
BSV::Wallet::Engine::BeefImporter.merkle_path_for,Method,BSV/Wallet/Engine/BeefImporter.md#method-c-merkle_path_for
BSV::Wallet::Store::Models::Setting,Class,BSV/Wallet/Store/Models/Setting.md
BSV::Wallet::Store::Models::Setting.get,Method,BSV/Wallet/Store/Models/Setting.md#method-c-get
BSV::Wallet::Store::Models::Setting.set,Method,BSV/Wallet/Store/Models/Setting.md#method-c-set
BSV::Wallet::Store::Models::TxProof,Class,BSV/Wallet/Store/Models/TxProof.md
BSV::Wallet::Store::SweepableState,Class,BSV/Wallet/Store/SweepableState.md
BSV::Wallet::Store::SweepableState.clean?,Method,BSV/Wallet/Store/SweepableState.md#method-i-clean-3F
BSV::Wallet::Store::SweepableState.detail,Method,BSV/Wallet/Store/SweepableState.md#method-i-detail
BSV::Wallet::Store::SweepableState.at_risk_actions,Attribute,BSV/Wallet/Store/SweepableState.md#attribute-i-at_risk_actions
BSV::Wallet::Store::SweepableState.at_risk_outputs,Attribute,BSV/Wallet/Store/SweepableState.md#attribute-i-at_risk_outputs
BSV::Wallet::Store::EventApplicator,Class,BSV/Wallet/Store/EventApplicator.md
BSV::Wallet::Store::EventApplicator.apply,Method,BSV/Wallet/Store/EventApplicator.md#method-i-apply
BSV::Wallet::Store::EventApplicator.initialize,Method,BSV/Wallet/Store/EventApplicator.md#method-i-initialize
BSV::Wallet::Store::Models::Broadcast,Class,BSV/Wallet/Store/Models/Broadcast.md
BSV::Wallet::Store::Models::Promotion,Class,BSV/Wallet/Store/Models/Promotion.md
BSV::Wallet::Store::Models::Spendable,Class,BSV/Wallet/Store/Models/Spendable.md
BSV::Wallet::Engine::FundingStrategy,Class,BSV/Wallet/Engine/FundingStrategy.md
BSV::Wallet::Engine::FundingStrategy.MAX_LOCK_RETRIES,Constant,BSV/Wallet/Engine/FundingStrategy.md#constant-MAX_LOCK_RETRIES
BSV::Wallet::Engine::FundingStrategy.acquire,Method,BSV/Wallet/Engine/FundingStrategy.md#method-i-acquire
BSV::Wallet::Engine::FundingStrategy.initialize,Method,BSV/Wallet/Engine/FundingStrategy.md#method-i-initialize
BSV::Wallet::Store::Models::OutputTag,Class,BSV/Wallet/Store/Models/OutputTag.md
BSV::Wallet::Store::Models::SseCursor,Class,BSV/Wallet/Store/Models/SseCursor.md
BSV::Wallet::CLI::Commands::Consolidate,Class,BSV/Wallet/CLI/Commands/Consolidate.md
BSV::Wallet::CLI::Commands::Consolidate.MIN_TARGET_INPUTS,Constant,BSV/Wallet/CLI/Commands/Consolidate.md#constant-MIN_TARGET_INPUTS
BSV::Wallet::CLI::Commands::Consolidate.DEFAULT_TARGET_INPUTS,Constant,BSV/Wallet/CLI/Commands/Consolidate.md#constant-DEFAULT_TARGET_INPUTS
BSV::Wallet::CLI::Commands::Consolidate.build_parser,Method,BSV/Wallet/CLI/Commands/Consolidate.md#method-i-build_parser
BSV::Wallet::CLI::Commands::Consolidate.call,Method,BSV/Wallet/CLI/Commands/Consolidate.md#method-i-call
BSV::Wallet::CLI::Commands::Consolidate.name,Method,BSV/Wallet/CLI/Commands/Consolidate.md#method-i-name
BSV::Wallet::Engine::HydratedTxCache,Class,BSV/Wallet/Engine/HydratedTxCache.md
BSV::Wallet::Engine::HydratedTxCache.DEFAULT_CAPACITY,Constant,BSV/Wallet/Engine/HydratedTxCache.md#constant-DEFAULT_CAPACITY
BSV::Wallet::Engine::HydratedTxCache.empty?,Method,BSV/Wallet/Engine/HydratedTxCache.md#method-i-empty-3F
BSV::Wallet::Engine::HydratedTxCache.get,Method,BSV/Wallet/Engine/HydratedTxCache.md#method-i-get
BSV::Wallet::Engine::HydratedTxCache.initialize,Method,BSV/Wallet/Engine/HydratedTxCache.md#method-i-initialize
BSV::Wallet::Engine::HydratedTxCache.put,Method,BSV/Wallet/Engine/HydratedTxCache.md#method-i-put
BSV::Wallet::Engine::HydratedTxCache.size,Method,BSV/Wallet/Engine/HydratedTxCache.md#method-i-size
BSV::Wallet::Engine::HydratedTxCache.from_config,Method,BSV/Wallet/Engine/HydratedTxCache.md#method-c-from_config
BSV::Wallet::Engine::HydratedTxCache.capacity,Attribute,BSV/Wallet/Engine/HydratedTxCache.md#attribute-i-capacity
BSV::Wallet::Store::BroadcastCallback,Class,BSV/Wallet/Store/BroadcastCallback.md
BSV::Wallet::Store::BroadcastCallback.call,Method,BSV/Wallet/Store/BroadcastCallback.md#method-i-call
BSV::Wallet::Store::BroadcastCallback.initialize,Method,BSV/Wallet/Store/BroadcastCallback.md#method-i-initialize
BSV::Wallet::Store::Models::Certificate,Class,BSV/Wallet/Store/Models/Certificate.md
BSV::Network::SpvHeaderChainTracker,Class,BSV/Network/SpvHeaderChainTracker.md
BSV::Network::SpvHeaderChainTracker.MATURITY_HEADROOM,Constant,BSV/Network/SpvHeaderChainTracker.md#constant-MATURITY_HEADROOM
BSV::Network::SpvHeaderChainTracker.current_height,Method,BSV/Network/SpvHeaderChainTracker.md#method-i-current_height
BSV::Network::SpvHeaderChainTracker.initialize,Method,BSV/Network/SpvHeaderChainTracker.md#method-i-initialize
BSV::Network::SpvHeaderChainTracker.valid_root_for_height?,Method,BSV/Network/SpvHeaderChainTracker.md#method-i-valid_root_for_height-3F
BSV::Wallet::Store::Models::ActionLabel,Class,BSV/Wallet/Store/Models/ActionLabel.md
BSV::Wallet::Store::Models::Transmission,Class,BSV/Wallet/Store/Models/Transmission.md
BSV::Wallet::Store::Models::OutputBasket,Class,BSV/Wallet/Store/Models/OutputBasket.md
BSV::Wallet::Store::Models::OutputDetail,Class,BSV/Wallet/Store/Models/OutputDetail.md
BSV::Wallet::TrustedSelfChainTracker,Class,BSV/Wallet/TrustedSelfChainTracker.md
BSV::Wallet::TrustedSelfChainTracker.SENTINEL_HEIGHT,Constant,BSV/Wallet/TrustedSelfChainTracker.md#constant-SENTINEL_HEIGHT
BSV::Wallet::TrustedSelfChainTracker.current_height,Method,BSV/Wallet/TrustedSelfChainTracker.md#method-i-current_height
BSV::Wallet::TrustedSelfChainTracker.valid_root_for_height?,Method,BSV/Wallet/TrustedSelfChainTracker.md#method-i-valid_root_for_height-3F
BSV::Wallet::Store::Models::CertificateField,Class,BSV/Wallet/Store/Models/CertificateField.md
BSV::Wallet::Store::Models::TransmissionTxid,Class,BSV/Wallet/Store/Models/TransmissionTxid.md
